"Usuario","Respuesta","GSC"
"CEO de Retail","El participante tiene una perspectiva positiva sobre la IA, valorando su eficiencia y capacidad de generar insights, aunque reconoce desafíos como la dependencia tecnológica.","Positiva con reservas"
"Director de Finanzas de un Banco","El participante muestra un balance entre reconocimiento de los beneficios y cautela debido a los desafíos de integración y seguridad.","Balanceada e interesado"
"Gerente de Marketing en una Startup","El participante muestra interés y entusiasmo por las posibilidades de la IA, aunque mantiene un grado de cautela y reconocimiento de los desafíos.","Entusiasta"
"Investigador en Tecnología","El participante muestra una actitud de interés y escepticismo hacia la IA generativa, interesado en sus ventajas pero preocupado por sus limitaciones.","Escéptico"
"Profesional Independiente en Diseño Gráfico","El usuario muestra una actitud cautelosa y algo escéptica, valorando la rapidez de la IA pero cuestionando su capacidad para igualar la creatividad humana.","Cauteloso"
"CEO de Retail","El usuario muestra una actitud pragmática hacia la IA, reconociendo tanto sus ventajas como sus limitaciones.","Balanceada e interesado"
"CEO de Retail: Entusiasta","El usuario muestra una actitud entusiasta y positiva hacia el uso de la IA, destacando su mejora en la eficiencia operativa.","Entusiasta"
"CEO de Retail: Escéptico","El participante muestra escepticismo y una actitud cautelosa hacia la adopción de IA.","Escéptico"
"CEO de Retail: Innovador","El participante muestra una actitud positiva y optimista hacia la IA, destacando tanto sus ventajas como los desafíos que implica su uso.","Positiva con reservas"
"CEO de Retail: Tradicionalista","El participante tiene una actitud reservada y muestra escepticismo hacia la integración de la IA generativa, prefiriendo métodos establecidos.","Escéptico"
"CEO de Retail: Experimentador","El participante muestra optimismo cauteloso sobre las posibilidades de la IA en su industria.","Positiva con reservas"
"Director de Finanzas de un Banco: Entusiasta","El participante muestra entusiasmo y confianza en la IA, viendo su potencial para revolucionar su campo de trabajo.","Entusiasta"
"Director de Finanzas de un Banco: Escéptico","El participante muestra una actitud cautelosa y analítica, reconociendo tanto los beneficios como los posibles riesgos de la IA.","Cauteloso"
"Director de Finanzas de un Banco: Innovador","El participante muestra una actitud positiva y esperanzadora hacia la IA, aunque menciona algunos retos por superar.","Positiva con reservas"
"Director de Finanzas de un Banco: Tradicionalista","La actitud del participante es escéptica y considera que la IA aún tiene mucho por demostrar.","Escéptico"
"Director de Finanzas de un Banco: Experimentador","El participante muestra un interés cauteloso hacia la IA, valorando sus beneficios pero consciente de sus limitaciones.","Cauteloso"
"Gerente de Marketing en una Startup: Optimista Creativo","El participante muestra entusiasmo y optimismo hacia la adopción de IA, viendo su potencial para mejorar la eficiencia.","Entusiasta"
"Gerente de Marketing en una Startup: Realista Pragmático","El participante muestra un enfoque equilibrado, reconociendo tanto los beneficios como los desafíos de la IA.","Balanceada e interesado"
"Gerente de Marketing en una Startup: Escéptico Conservador","El participante muestra escepticismo y una clara preocupación por los efectos de la IA en su industria.","Escéptico"
"Gerente de Marketing en una Startup: Explorador Curioso","El participante muestra entusiasmo y optimismo hacia la IA, creyendo en su capacidad para transformar su sector.","Entusiasta"
"Gerente de Marketing en una Startup: Analítico Meticuloso","El participante muestra una actitud positiva y pragmática hacia la IA, consciente de sus beneficios y desafíos.","Positiva con reservas"
"Profesional Independiente en Diseño Gráfico: Entusiasta Creativo","El participante muestra entusiasmo y optimismo por las posibilidades que la IA ofrece en el campo del diseño gráfico.","Entusiasta"
"Profesional Independiente en Diseño Gráfico: Crítico Desencantado","El participante muestra escepticismo hacia la IA, destacando su preferencia por el toque humano en el diseño.","Escéptico"
"Profesional Independiente en Diseño Gráfico: Optimista Casual","El participante muestra una actitud equilibrada respecto a la IA, valorando sus ventajas pero reconociendo sus limitaciones.","Balanceada e interesado"
"Profesional Independiente en Diseño Gráfico: Confundido","El participante muestra una actitud de confusión e incertidumbre hacia el uso de la IA, sin expresar claramente emociones positivas ni negativas.","Neutral"
"Profesional Independiente en Diseño Gráfico: Detallista Emocional","El usuario muestra entusiasmo sobre las posibilidades que la IA ofrece en el ámbito creativo, aunque con cautela sobre sus implicaciones para la autenticidad del arte.","Entusiasta"
"Investigador en Tecnología: Entusiasta Innovador","El participante muestra un enfoque positivo y entusiasta hacia la IA, reconociendo tanto sus beneficios como sus desafíos.","Entusiasta"
"Investigador en Tecnología: Cauteloso Analítico","El participante muestra una actitud cautelosa y reflexiva, consciente de las limitaciones de la IA.","Cauteloso"
"Investigador en Tecnología: Escéptico Crítico","El participante muestra cierto escepticismo y precaución respecto a los resultados generados por la IA en contextos de investigación.","Escéptico"
"Investigador en Tecnología: Soñador Visionario","El participante muestra una actitud positiva, viendo a la IA como una herramienta que puede colaborar con la humanidad para crear un mundo más sostenible y justo.","Entusiasta"
"Investigador en Tecnología: Indiferente Pragmatico","El participante tiene una actitud reservada y pragmática, sin mostrar un gran entusiasmo por la IA, viéndola más como una herramienta estándar que como una revolución.","Neutral"
"Investigador en Tecnología: Cínico Desilusionado","El participante muestra una actitud escéptica y frustrada respecto a las capacidades actuales y el futuro de la IA en la investigación.","Escéptico"
"Investigador en Tecnología: Preocupado por la Ética","El participante muestra una actitud cautelosa y preocupada respecto al uso de la IA, enfatizando más en sus implicaciones éticas que en sus ventajas.","Cauteloso"
"Investigador en Tecnología: Resignado Pragmático","El participante tiene una actitud neutral a ligeramente negativa hacia la IA, reconociendo su utilidad limitada y expresando preferencia por no depender de ella.","Neutral"
"Investigador en Tecnología: Incrédulo Desconfiado","El participante muestra una actitud escéptica y crítica hacia la IA, prefiriendo métodos tradicionales.","Escéptico"
"Investigador en Tecnología: Desanimado Confuso","El participante muestra una actitud negativa y frustrada hacia la IA. Se siente más confundido y frustrado en lugar de beneficiado por su uso.","Escéptico"
"Experto en Telecomunicaciones: Entusiasta Técnico","El participante muestra una actitud positiva frente a la IA, resaltando su potencial transformador.","Entusiasta"
"Analista de Datos: Crítico Meticuloso","El participante tiene una perspectiva pragmática, reconociendo tanto las capacidades de la IA como sus limitaciones y la necesidad de supervisión humana.","Balanceada e interesado"
"Desarrollador de IA: Pragmático Innovador","El participante muestra un enfoque pragmático y positivo hacia la IA, reconociendo tanto sus beneficios como la importancia de su aplicabilidad práctica.","Positiva con reservas"
"Consultor en Transformación Digital: Optimista Estratégico","El participante muestra una actitud positiva y entusiasta hacia la IA, considerándola esencial para la transformación digital.","Entusiasta"
"Ejecutivo de Marketing Digital: Escéptico Pragmático","El participante muestra escepticismo y cautela respecto a la efectividad y el impacto de la IA en el marketing digital.","Escéptico"
"Futurista en Tecnología: Soñador Innovador","El participante muestra una actitud muy positiva y optimista sobre las posibilidades que la IA ofrece para el futuro, aunque reconoce los desafíos que esto implica.","Entusiasta"
"Ingeniero de Redes: Realista Técnico","El usuario muestra un enfoque práctico y positivo hacia la IA, reconociendo sus beneficios aunque también los desafíos.","Positiva con reservas"
"Emprendedor en IA: Explorador Entusiasta","El participante muestra entusiasmo y optimismo sobre las posibilidades de la IA, destacando su potencial transformador en futuras startups e industrias.","Entusiasta"
"Responsable de Seguridad Cibernética: Escéptico Precavido","El participante muestra una actitud cautelosa respecto a la fiabilidad de la IA generativa.","Cauteloso"
"Especialista en Regulación de Datos: Preocupado Ético","La actitud del participante hacia la IA es cautelosa y reflexiva, reconociendo tanto sus beneficios como sus desafíos éticos.","Cauteloso"
"Estudiante de Tecnología: Curioso Aprendiz","El participante muestra fascinación y curiosidad por el potencial de la IA, aunque también expresa sentirse abrumado.","Balanceada e interesado"
"Estudiante de Tecnología: Desanimado Escéptico","El participante muestra una actitud negativa hacia la IA, señalando frustración y escepticismo respecto a su utilidad e impacto personal.","Escéptico"
"Estudiante de Tecnología: Informal Despreocupado","El participante tiene una actitud relajada e indiferente, sin mucho entusiasmo pero tampoco con preocupación hacia la IA.","Neutral"
"Estudiante de Tecnología: Entusiasta Ingenuo","El participante muestra entusiasmo y optimismo en relación con el uso y el futuro de la IA.","Entusiasta"
"Estudiante de Tecnología: Desorientado Confuso","El participante muestra una mezcla de curiosidad y confusión respecto a la IA. Mientras reconoce su potencial, también expresa dudas significativas.","Neutral"
"Estudiante de Tecnología: Optimista con Dudas","El participante muestra una actitud cautelosa y curiosa hacia la IA, reconociendo su potencial pero también las limitaciones actuales en su uso.","Cauteloso"
"Estudiante de Tecnología: Molesto por la Complejidad","El participante parece escéptico y frustrado con la situación actual de la IA, especialmente debido a su complejidad.","Escéptico"
"Estudiante de Tecnología: Formal y Cauteloso","El participante muestra una actitud cautelosa y responsable hacia el uso de la IA, enfatizando la importancia de la validación constante.","Cauteloso"
"Estudiante de Tecnología: Fascinado pero Inseguro","El participante muestra entusiasmo y curiosidad por la IA generativa, aunque también siente inseguridad sobre su uso.","Entusiasta"
"Estudiante de Tecnología: Frustrado por la Falta de Recursos","El participante muestra un interés y optimismo sobre las posibilidades de la IA, aunque también expresa frustración debido a las barreras educativas actuales.","Entusiasta"
"Empleado Administrativo: Curioso con Interés","El participante muestra un tono positivo y optimista sobre el uso de la IA, pero con la necesidad de entender mejor sus capacidades.","Entusiasta"
"Empleado Administrativo: Cansado y Resignado","El participante muestra escepticismo y preferencia por los métodos tradicionales, considerándolos más fiables.","Escéptico"
"Empleado Administrativo: Informal y Divertido","El participante muestra un interés moderado y algo de curiosidad hacia la IA, pero también es escéptico sobre su capacidad para transformar su trabajo.","Escéptico"
"Empleado Administrativo: Entusiasta pero Perdido","El participante muestra entusiasmo hacia la IA generativa, pero también expresa cierta inseguridad debido a la falta de guía sobre cómo utilizarla efectivamente.","Entusiasta"
"Empleado Administrativo: Enojado y Crítico","El participante muestra una actitud negativa y frustrada hacia la IA, considerando que no es adecuada para su trabajo.","Escéptico"
"Empleado Administrativo: Optimista pero Cauteloso","El participante muestra entusiasmo y optimismo, aunque también ejerce cautela en el uso de la IA.","Entusiasta"
"Empleado Administrativo: Indiferente pero Cumplidor","El participante muestra una actitud neutral y desinteresada hacia la IA, indicando que la utiliza solo por obligatoriedad laboral.","Neutral"
"Empleado Administrativo: Formal y Meticuloso","El participante muestra una actitud pragmática y cautelosa hacia la IA, viéndola como una herramienta complementaria que debe ser supervisada constantemente.","Cauteloso"
"Empleado Administrativo: Desinteresado pero Cortés","El participante muestra una actitud neutra y sin entusiasmo hacia la IA, viéndola más como una obligación que como una herramienta innovadora.","Neutral"
"Empleado Administrativo: Frustrado con la Falta de Capacitación","El participante muestra una mezcla de interés y frustración. Reconoce el potencial de la IA, pero está descontento con la falta de recursos y capacitación.","Balanceada e interesado"
"Profesor Universitario: Curioso por la Innovación","El participante muestra entusiasmo y una actitud positiva sobre el uso de IA en la educación, aunque acompañado de cierta cautela.","Entusiasta"
"Profesor Universitario: Cauteloso por la Eficiencia","El participante muestra un enfoque práctico y cauteloso hacia la IA, reconociendo sus beneficios y riesgos.","Cauteloso"
"Profesor Universitario: Crítico del Impacto en la Educación","El participante se muestra escéptico sobre el impacto positivo de la IA en la educación.","Escéptico"
"Profesor Universitario: Entusiasta por la Investigación","El usuario muestra una actitud positiva hacia la IA, destacando su potencial transformador en la investigación académica.","Entusiasta"
"Profesor Universitario: Escéptico sobre la Fiabilidad","El participante es escéptico sobre la fiabilidad de la IA y prefiere métodos tradicionales para asegurar la calidad y precisión.","Escéptico"
"Profesor Universitario: Optimista sobre el Futuro","El participante muestra entusiasmo y optimismo respecto a las posibilidades que la IA ofrece en el ámbito educativo.","Entusiasta"
"Profesor Universitario: Preocupado por la Ética","El participante muestra una actitud cautelosa y reflexiva hacia la IA, enfocándose en la responsabilidad ética y la necesidad de regulaciones.","Cauteloso"
"Profesor Universitario: Formal y Analítico","El participante muestra una actitud favorable hacia la IA, considerándola una herramienta poderosa pero subrayando la importancia de su uso meticuloso y metodológico.","Entusiasta"
"Profesor Universitario: Innovador en la Enseñanza","El participante muestra una actitud positiva y optimista hacia la IA, resaltando su potencial transformador en la educación.","Entusiasta"
"Profesor Universitario: Pragmático sobre la Aplicación","El participante muestra una actitud pragmática hacia la IA, apreciando sus ventajas pero también siendo consciente de sus limitaciones.","Balanceada e interesado"
"Freelance de Contenidos: Explorador de Nuevas Narrativas","El usuario muestra entusiasmo y optimismo hacia el uso de la IA en la narración de historias.","Entusiasta"
"Freelance de Contenidos: Realista Escéptico","El participante muestra una actitud cautelosa y reservada hacia la IA, prefiriendo depender de su propia creatividad y juicio.","Cauteloso"
"Freelance de Contenidos: Adaptador de Herramientas","El participante muestra una actitud pragmática, viendo la IA como una herramienta útil pero que siempre necesita revisión y ajuste para cumplir con sus expectativas.","Cauteloso"
"Freelance de Contenidos: Crítico del Plagio","El participante muestra una actitud cautelosa y preocupada respecto al uso de IA generativa, especialmente en términos de originalidad y problemas de derechos de autor.","Cauteloso"
"Freelance de Contenidos: Innovador en Estilo","El participante muestra entusiasmo y optimismo sobre las posibilidades que la IA ofrece para la innovación en la creación de contenido.","Entusiasta"
"Freelance de Contenidos: Reacio al Cambio","El participante tiene una actitud escéptica y prefiere mantenerse con métodos tradicionales.","Escéptico"
"Freelance de Contenidos: Utilitarista Pragmático","El participante muestra una actitud pragmática y moderada hacia la IA, reconociendo su utilidad mientras mantiene reservas en ciertas áreas.","Balanceada e interesado"
"Freelance de Contenidos: Impresionado por la Creatividad","El tono del participante es muy positivo y entusiasta hacia el uso de la IA, destacando su potencial para mejorar la creatividad y la innovación.","Entusiasta"
"Freelance de Contenidos: Minimalista en Tecnología","El participante muestra una actitud cautelosa y pragmática hacia la IA, prefiriendo no depender de ella.","Cauteloso"
"Freelance de Contenidos: Optimista sobre la Automatización","El participante muestra un gran optimismo sobre las posibilidades de la IA.","Entusiasta"
"Responsable de Recursos Humanos: Curioso por la Automatización","El participante muestra entusiasmo y fascinación por las capacidades de la IA, aunque con una actitud cautelosa respecto a sus limitaciones.","Entusiasta"
"Responsable de Recursos Humanos: Preocupado por el Reemplazo de Personal","El participante muestra una actitud cautelosa y preocupada por los impactos de la IA en el empleo.","Cauteloso"
"Responsable de Recursos Humanos: Optimista sobre la Eficiencia","El participante muestra una actitud positiva hacia la IA, resaltando su eficiencia y el potencial para mejorar significativamente la gestión de recursos humanos.","Entusiasta"
"Responsable de Recursos Humanos: Escéptico sobre la Precisión","El participante muestra una actitud cautelosa y crítica hacia la IA en el contexto de la evaluación de candidatos, subrayando la necesidad de complementar la tecnología con evaluaciones humanas.","Cauteloso"
"Responsable de Recursos Humanos: Formal y Meticuloso","El participante muestra un enfoque positivo pero cauteloso hacia la IA, destacando tanto su potencial como la necesidad de un uso meticuloso.","Positiva con reservas"
"Responsable de Recursos Humanos: Informal y Pragmático","El participante muestra una actitud positiva y práctica hacia la IA, valorando su utilidad en la realización de tareas mundanas pero sin expectativas para roles más complejos.","Positiva con reservas"
"Responsable de Recursos Humanos: Preocupado por la Privacidad","El usuario muestra una actitud cautelosa y preocupada por las implicaciones éticas y de seguridad de la IA, especialmente en relación con la privacidad.","Cauteloso"
"Responsable de Recursos Humanos: Entusiasta por la Innovación","El participante muestra un gran entusiasmo y optimismo hacia las posibilidades que la IA ofrece en el ámbito de recursos humanos.","Entusiasta"
"Responsable de Recursos Humanos: Resistente al Cambio","El participante muestra escepticismo y una actitud conservadora respecto al uso de la IA en sus operaciones.","Escéptico"
"Responsable de Recursos Humanos: Cauteloso pero Interesado","La actitud del participante es cautelosa y deliberada, reconociendo tanto el potencial de la IA como sus posibles riesgos.","Cauteloso"
"Consultor de Estrategia Empresarial: Innovador Estratega","El participante muestra una actitud positiva y optimista respecto a la IA, reconociendo sus beneficios pero también la importancia de la validación constante.","Positiva con reservas"
"Consultor de Estrategia Empresarial: Crítico del Impacto en el Negocio","El participante muestra escepticismo respecto al impacto real de la IA en el negocio y es cauteloso sobre su uso en la toma de decisiones estratégicas.","Escéptico"
"Consultor de Estrategia Empresarial: Optimista sobre la Tecnología","El usuario muestra un notable entusiasmo y optimismo sobre las capacidades de la IA, especialmente en su aplicabilidad a la estrategia empresarial.","Entusiasta"
"Consultor de Estrategia Empresarial: Preocupado por la Implementación","El participante muestra una actitud cautelosa y reflexiva, reconociendo el potencial de la IA pero subrayan la importancia de una implementación cuidadosa.","Cauteloso"
"Consultor de Estrategia Empresarial: Entusiasta por la Disrupción","El participante muestra una actitud positiva y proactiva hacia la IA, destacando sus beneficios y el potencial para transformar estrategias.","Entusiasta"
"Consultor de Estrategia Empresarial: Escéptico sobre el Retorno de Inversión","El participante muestra una actitud cautelosa y escéptica hacia la adopción de la IA, especialmente por motivos económicos.","Escéptico"
"Consultor de Estrategia Empresarial: Formal y Analítico","El participante muestra una actitud metodológica y analítica hacia el uso de la IA, resaltando su efectividad cuando se utiliza correctamente.","Balanceada e interesado"
"Consultor de Estrategia Empresarial: Pragmático sobre la Aplicación","El participante muestra un enfoque pragmático y cauteloso respecto al uso de la IA, valorando su utilidad pero reconociendo la necesidad de complementarla con evaluaciones humanas.","Cauteloso"
"Consultor de Estrategia Empresarial: Explorador de Nuevas Soluciones","El tono del participante es bastante positivo y optimista respecto al uso de la IA, viéndola como esencial para la adaptación y creatividad en la estrategia empresarial.","Entusiasta"
"Consultor de Estrategia Empresarial: Realista sobre los Desafíos","El participante muestra un enfoque realista y prudente hacia la IA, reconociendo tanto su potencial como los desafíos asociados.","Balanceada e interesado"
"Director de Operaciones: Orientado a Resultados","El participante muestra una postura positiva hacia la IA, viéndola como esencial para la competitividad y la eficiencia.","Entusiasta"
"Director de Operaciones: Preocupado por la Eficiencia","El usuario muestra cautela y una mezcla de optimismo y preocupación. Reconoce el potencial de la IA para optimizar procesos, pero es escéptico sobre su impacto real y su coste-beneficio.","Cauteloso"
"Director de Operaciones: Optimista por la Innovación","El participante muestra entusiasmo y optimismo sobre el potencial transformador de la IA en la gestión operativa, aunque con un enfoque en la evaluación cuidadosa de cada cambio.","Entusiasta"
"Director de Operaciones: Escéptico sobre la Complejidad","El participante muestra escepticismo y precaución sobre el uso de la IA, expresando dudas sobre su valor real y eficacia.","Escéptico"
"Director de Operaciones: Pragmático en la Ejecución","El participante mantiene una actitud pragmática y cautelosa, reconociendo la utilidad de la IA pero también mostrando reservas sobre su implementación a gran escala sin pruebas rigurosas.","Cauteloso"
"Director de Operaciones: Crítico sobre la Integración","La actitud del participante es cautelosa y reflexiva. Aunque reconoce el potencial de la IA, se muestra preocupado por los problemas de integración.","Cauteloso"
"Director de Operaciones: Entusiasta por la Automatización","El participante muestra un claro entusiasmo y optimismo por las capacidades y beneficios de la IA generativa.","Entusiasta"
"Director de Operaciones: Preocupado por la Calidad","El usuario muestra una actitud cautelosa y crítica hacia la IA, reconociendo sus beneficios pero también manifestando preocupaciones sobre su fiabilidad.","Cauteloso"
"Director de Operaciones: Formal y Metódico","El participante muestra una actitud metódica y precisa respecto al uso de la IA, indicando una visión positiva pero cautelosa.","Positiva con reservas"
"Director de Operaciones: Explorador de Nuevas Tecnologías","El participante muestra una actitud positiva y proactiva hacia la utilización de la IA, viendo su potencial para mejorar operaciones y mantener ventajas competitivas.","Entusiasta"
"Gerente de Finanzas: Centrado en el ROI","El participante muestra una actitud positiva hacia la IA, reconociendo su potencial para mejorar el análisis de ROI, pero con cautela sobre la necesidad de intervención humana.","Positiva con reservas"
"Gerente de Finanzas: Preocupado por el Riesgo","El participante muestra una actitud cautelosa, valorando las capacidades de la IA, pero subrayando la necesidad de juicio humano.","Cauteloso"
"Gerente de Finanzas: Optimista sobre la Analítica","El participante muestra una actitud positiva y optimista hacia la IA, reconociendo sus ventajas en la analítica financiera con un enfoque en la validación de resultados.","Entusiasta"
"Gerente de Finanzas: Escéptico sobre los Costos","El participante muestra escepticismo y duda sobre el valor de la IA, necesitando más pruebas para convencerse de su aporte.","Escéptico"
"Gerente de Finanzas: Formal y Conservador","El participante tiene una actitud cautelosa y conservadora respecto al uso de la IA, asegurándose siempre de respaldar las decisiones con datos sólidos.","Cauteloso"
"Gerente de Finanzas: Pragmático sobre las Inversiones","El participante muestra una actitud práctica y pragmática, reconociendo tanto la utilidad de la IA como la necesidad de complementar su uso con análisis manual.","Balanceada e interesado"
"Gerente de Finanzas: Entusiasta por la Eficiencia","El participante muestra una actitud positiva y optimista sobre el impacto de la IA en sus operaciones financieras.","Entusiasta"
"Gerente de Finanzas: Preocupado por la Regulación","El participante muestra una actitud cautelosa y preocupada respecto al uso de la IA para la conformidad regulatoria.","Cauteloso"
"Gerente de Finanzas: Crítico sobre la Transparencia","El usuario muestra una actitud cautelosa y crítica hacia la IA, enfatizando la necesidad de transparencia en aplicaciones financieras.","Cauteloso"
"Gerente de Finanzas: Innovador en la Gestión Financiera","El participante muestra una actitud positiva y esperanzadora hacia la IA, especialmente en su potencial para mejorar la gestión financiera y adaptarse rápidamente a las tendencias del mercado.","Positiva con reservas"
"Director de Marketing: Entusiasta por la Personalización","El participante muestra entusiasmo y optimismo sobre cómo la IA puede transformar su estrategia de marketing.","Entusiasta"
"Director de Marketing: Escéptico sobre la Precisión","El participante muestra escepticismo y cierta desconfianza hacia la capacidad de la IA para producir contenido de alta calidad sin intervención humana.","Escéptico"
"Director de Marketing: Optimista sobre la Eficiencia","El usuario muestra una actitud positiva y optimista hacia la IA, reconociendo su valor en la mejora de eficiencia y efectividad, aunque con un enfoque cuidadoso en mantener la calidad del trabajo.","Positiva con reservas"
"Director de Marketing: Crítico de la Integración","El participante muestra optimismo sobre el potencial de la IA, pero expresa frustración debido a los problemas de integración.","Positiva con reservas"
"Director de Marketing: Curioso sobre Nuevas Tendencias","El participante muestra una actitud positiva y optimista hacia la IA, reconociendo su papel crucial en el marketing y la generación de ideas frescas.","Entusiasta"
"Director de Marketing: Cauteloso sobre el Retorno","El participante muestra una actitud cautelosa y reflexiva respecto al retorno de inversión de la IA.","Cauteloso"
"Director de Marketing: Innovador en Estrategias","El participante muestra una visión positiva y optimista hacia la IA, considerándola una herramienta esencial para la innovación y mejoras en marketing.","Entusiasta"
"Director de Marketing: Preocupado por la Creatividad","El participante muestra una actitud cautelosa y equilibrada, reconociendo tanto las ventajas como las limitaciones de la IA.","Balanceada e interesado"
"Director de Marketing: Pragmático sobre las Herramientas","El participante muestra una actitud pragmática y equilibrada hacia la IA, reconociendo sus ventajas en tareas operativas mientras mantiene reservas sobre su uso en decisiones estratégicas.","Balanceada e interesado"
"Director de Marketing: Formal y Meticuloso","El participante muestra una actitud cuidadosa y meticulosa respecto a la implementación de IA, aunque positiva sobre sus beneficios.","Positiva con reservas"
"Gerente de Producto: Fascinado por la Innovación","El participante muestra entusiasmo y optimismo sobre las capacidades de la IA para inspirar e impulsar la innovación en sus productos.","Entusiasta"
"Gerente de Producto: Escéptico sobre la Utilidad","El participante muestra escepticismo y reserva frente a la inteligencia artificial, dudando de su capacidad para reemplazar técnicas tradicionales de desarrollo de productos.","Escéptico"
"Gerente de Producto: Optimista sobre la Mejora de Productos","El participante muestra una actitud positiva hacia la IA, destacando su impacto positivo en el desarrollo de productos.","Entusiasta"
"Gerente de Producto: Preocupado por la Complejidad","El participante muestra una actitud pragmática y crítica frente a la IA, reconociendo sus beneficios potenciales pero también su complejidad.","Balanceada e interesado"
"Gerente de Producto: Explorador de Nuevas Funcionalidades","El participante muestra una actitud positiva y optimista hacia la IA, describiéndola como una herramienta excelente para la experimentación y la innovación continua.","Entusiasta"
"Gerente de Producto: Cauteloso sobre la Implementación","El participante muestra una actitud cautelosa y reflexiva sobre la adopción de IA generativa, reconociendo su potencial pero insistiendo en la necesidad de una implementación cuidadosa.","Cauteloso"
"Gerente de Producto: Entusiasta por la Automatización","El participante muestra una actitud positiva hacia la IA, valorando su capacidad para acelerar y mejorar el desarrollo de productos.","Entusiasta"
"Gerente de Producto: Crítico de la Escalabilidad","El participante muestra una actitud cautelosa y de incertidumbre respecto a la capacidad de la IA para escalar con las necesidades crecientes.","Cauteloso"
"Gerente de Producto: Pragmático sobre las Aplicaciones","El participante muestra un enfoque pragmático y concreto, considerando la IA como una herramienta valiosa pero que requiere validación adicional.","Balanceada e interesado"
"Gerente de Producto: Innovador en el Diseño","El participante muestra entusiasmo por las posibilidades que la IA ofrece en el ámbito del diseño de productos.","Entusiasta"
"Responsable de Seguridad Informática: Entusiasta por la Automatización de Seguridad","El participante muestra entusiasmo y confianza en las capacidades de la IA, especialmente en su potencial para mejorar la seguridad informática.","Entusiasta"
"Responsable de Seguridad Informática: Preocupado por las Amenazas","El participante muestra una actitud positiva pero cautelosa hacia la IA, reconociendo su utilidad pero también sus limitaciones.","Positiva con reservas"
"Responsable de Seguridad Informática: Crítico de la Fiabilidad","El usuario muestra una actitud cautelosa y escéptica. Aunque reconoce las ventajas de la IA, no está convencido de que pueda reemplazar el juicio humano en la seguridad.","Escéptico"
"Responsable de Seguridad Informática: Optimista sobre la Detección de Riesgos","El participante muestra una actitud positiva y optimista hacia la IA, destacando su capacidad para mejorar significativamente la gestión de riesgos de seguridad.","Entusiasta"
"Responsable de Seguridad Informática: Escéptico sobre la Privacidad","El tono del participante es cauteloso y preocupado en relación con el uso de IA en la seguridad, con un fuerte énfasis en la necesidad de proteger la privacidad de los datos.","Cauteloso"
"Responsable de Seguridad Informática: Innovador en Estrategias de Protección","El participante muestra una actitud positiva y confiada en relación con la IA, destacando su importancia y utilidad en el ámbito de la seguridad informática.","Entusiasta"
"Responsable de Seguridad Informática: Formal y Metódico","El participante parece tener una actitud positiva y confiada hacia la IA, destacando su efectividad y la importancia de su implementación metódica.","Positiva con reservas"
"Responsable de Seguridad Informática: Preocupado por la Integración","La actitud del participante es cautelosamente optimista, reconociendo el potencial de la IA pero consciente de los desafíos técnicos actuales.","Positiva con reservas"
"Responsable de Seguridad Informática: Pragmático sobre la Implementación","El participante muestra una actitud positiva pero cautelosa hacia la IA, reconociendo sus beneficios mientras enfatiza la importancia de un enfoque pragmático.","Positiva con reservas"
"Responsable de Seguridad Informática: Crítico de la Complejidad","El usuario muestra una actitud práctica y cautelosa frente a la IA, destacando los problemas actuales y la necesidad de simplificación.","Cauteloso"
"Jefe de Desarrollo de Negocios: Entusiasta por la Expansión de Mercado","El usuario muestra una actitud positiva y confiada hacia la IA, destacando su importancia para la expansión rápida y eficiente de mercados.","Entusiasta"
"Jefe de Desarrollo de Negocios: Preocupado por el ROI","El participante muestra cautela sobre el retorno de inversión de la IA y su adopción en estrategias de desarrollo.","Cauteloso"
"Jefe de Desarrollo de Negocios: Crítico de la Implementación","El participante muestra escepticismo y precaución sobre el uso de IA en el desarrollo de negocios debido a los desafíos de implementación.","Escéptico"
"Jefe de Desarrollo de Negocios: Optimista sobre las Nuevas Oportunidades","El participante muestra entusiasmo y optimismo por las posibilidades que la IA ofrece en la expansión del negocio.","Entusiasta"
"Jefe de Desarrollo de Negocios: Escéptico sobre la Adaptabilidad","El tono del participante es escéptico y crítico respecto a la adaptabilidad y utilidad de la IA para sus necesidades específicas.","Escéptico"
"Jefe de Desarrollo de Negocios: Formal y Estratégico","El participante muestra una actitud positiva y estratégica hacia la integración de la IA, viéndola como una herramienta valiosa y necesaria.","Entusiasta"
"Jefe de Desarrollo de Negocios: Innovador en Estrategias de Crecimiento","El participante muestra una actitud positiva y optimista hacia la IA, destacando su potencial para innovar y mejorar las estrategias de crecimiento.","Entusiasta"
"Jefe de Desarrollo de Negocios: Pragmático sobre la Ejecución","El participante muestra una actitud positiva y pragmática hacia la IA, reconociendo sus usos y beneficios mientras subraya la necesidad de validación.","Positiva con reservas"
"Jefe de Desarrollo de Negocios: Preocupado por la Sostenibilidad","El tono del participante refleja una mezcla de prudencia y preocupación frente a la IA, mostrándose consciente de sus beneficios pero también de los posibles desafíos.","Cauteloso"
"Jefe de Desarrollo de Negocios: Explorador de Nuevas Tecnologías","El participante muestra una actitud positiva y proactiva hacia el uso de la IA, destacando sus beneficios competitivos.","Entusiasta"
"Consultor de Tecnología: Entusiasta por la Transformación Digital","El usuario muestra una actitud positiva y optimista hacia la IA, destacando su importancia en futuras transformaciones digitales.","Entusiasta"
"Consultor de Tecnología: Preocupado por la Seguridad","El usuario mantiene una actitud cautelosa y enfocada en la seguridad al utilizar la IA, destacando la importancia de evaluar exhaustivamente las medidas de seguridad antes de su adopción.","Cauteloso"
"Consultor de Tecnología: Optimista sobre la Eficiencia","El participante muestra una actitud positiva y optimista hacia la IA, reconociendo su potencial para mejorar la eficiencia y productividad, pero también enfatiza la cautela en la validación de procesos.","Positiva con reservas"
"Consultor de Tecnología: Crítico sobre la Escalabilidad","El usuario muestra una actitud cautelosa y crítica, especialmente en relación con la escalabilidad de la IA.","Cauteloso"
"Consultor de Tecnología: Innovador en Soluciones Tecnológicas","El participante muestra una actitud positiva y optimista hacia la IA, viendo su uso como una ventaja competitiva y una herramienta crucial para la innovación.","Entusiasta"
"Consultor de Tecnología: Escéptico sobre la Integración","El participante es escéptico respecto a la efectividad de la IA debido a los problemas de integración con las tecnologías existentes.","Escéptico"
"Consultor de Tecnología: Formal y Analítico","La actitud del usuario hacia la IA es profesional y cautelosa, enfatizando la importancia de un enfoque formal y analítico.","Cauteloso"
"Consultor de Tecnología: Pragmático sobre la Implementación","El participante muestra una actitud pragmática y equilibrada sobre el uso de la IA, reconociendo sus beneficios mientras enfatiza la necesidad de un enfoque cuidadoso.","Balanceada e interesado"
"Consultor de Tecnología: Explorador de Nuevas Herramientas","El participante muestra una actitud positiva y optimista sobre el papel de la IA en el futuro.","Entusiasta"
"Consultor de Tecnología: Preocupado por el Impacto en la Cultura Empresarial","El participante muestra una actitud cautelosa hacia la IA, destacando la necesidad de gestionar su integración con cuidado.","Cauteloso"
"Chief Data Officer: Entusiasta por el Análisis Predictivo","El participante muestra una actitud positiva y entusiasta hacia la IA, destacando su potencial para mejorar el análisis predictivo y la toma de decisiones informadas.","Entusiasta"
"Chief Data Officer: Escéptico sobre la Calidad de los Datos","La actitud del participante frente a la IA es de cautela y escepticismo, particularmente en relación con la calidad de los datos utilizados.","Escéptico"
"Chief Data Officer: Optimista sobre la Gestión de Datos","El participante muestra una actitud positiva y optimista hacia la IA, destacando su importancia en la eficiencia y precisión en la toma de decisiones.","Entusiasta"
"Chief Data Officer: Preocupado por la Seguridad de los Datos","El participante muestra un enfoque cauteloso y preocupado por las implicaciones de seguridad asociadas al uso de la IA.","Cauteloso"
"Chief Data Officer: Innovador en Estrategias de Datos","El usuario muestra una actitud positiva y optimista sobre el uso de la IA, especialmente en cómo puede innovar y optimizar las estrategias de datos.","Entusiasta"
"Chief Data Officer: Cauteloso sobre la Privacidad","El participante muestra una actitud cautelosa y reflexiva frente al uso de la IA, enfatizando la importancia de la privacidad y el cumplimiento de normativas.","Cauteloso"
"Chief Data Officer: Formal y Meticuloso","El participante mantiene una actitud profesional y precautoria frente a la IA, destacando la importancia de implementar y validar meticulosamente las herramientas utilizadas.","Cauteloso"
"Chief Data Officer: Pragmático sobre la Implementación","El participante muestra una actitud pragmática y equilibrada hacia la IA, reconociendo tanto sus beneficios como la necesidad de validación adicional.","Balanceada e interesado"
"Chief Data Officer: Explorador de Nuevas Herramientas","El participante muestra una actitud positiva y entusiasta hacia la IA, viéndola como clave para la innovación y la competitividad en la gestión de datos.","Entusiasta"
"Chief Data Officer: Crítico sobre la Integración","El participante es crítico y escéptico sobre la capacidad de la IA para integrarse sin problemas con sus infraestructuras actuales.","Escéptico"
"Responsable de Innovación: Entusiasta por la Innovación Disruptiva","El participante muestra una actitud muy positiva y optimista hacia la IA, reconociendo su potencial para impulsar la innovación disruptiva.","Entusiasta"
"Responsable de Innovación: Escéptico sobre la Viabilidad","El participante muestra escepticismo y reserva en cuanto a la implementación práctica de la IA generativa.","Escéptico"
"Responsable de Innovación: Optimista sobre Nuevas Tecnologías","El participante muestra una actitud optimista y positiva hacia la IA, destacando su importancia para la innovación y el mantenimiento de la competitividad.","Entusiasta"
"Responsable de Innovación: Preocupado por la Sostenibilidad","El participante muestra una actitud cautelosa y crítica hacia la IA, enfocándose en la necesidad de asegurar la sostenibilidad y alineación con los objetivos a largo plazo.","Cauteloso"
"Responsable de Innovación: Crítico sobre la Implementación","El participante muestra escepticismo sobre la viabilidad de la IA en la implementación práctica. hay preocupaciones sobre la viabilidad de estas ideas en un contexto real y su alineación con las capacidades operativas.","Escéptico"
"Responsable de Innovación: Innovador en Procesos","El participante muestra optimismo sobre el uso de IA generativa para explorar y desarrollar nuevas tecnologías. La IA permite identificar y evaluar rápidamente nuevas tecnologías, crucial para mantener una ventaja competitiva.","Entusiasta"
"Responsable de Innovación: Cauteloso con Nuevas Ideas","El participante muestra preocupación por la sostenibilidad a largo plazo de las soluciones generadas por la IA. La IA puede ofrecer soluciones rápidas, pero es crucial asegurar que sean sostenibles y alineadas con los objetivos a largo plazo antes de su adopción.","Cauteloso"
"Responsable de Innovación: Formal y Metódico","El participante muestra una actitud crítica sobre la implementación de IA generativa. Aunque la IA puede ofrecer insights valiosos, la implementación práctica de estas ideas ha demostrado ser un desafío significativo.","Escéptico"